{
  "timestamp": 1745253271.640367,
  "inference_time_s": 0.0932166576385498,
  "detections": [
    {
      "x1": 55.890625,
      "y1": 382.6875,
      "x2": 111.984375,
      "y2": 431.8125,
      "confidence": 0.7271947860717773,
      "class_index": 0,
      "class_name": "blue"
    }
  ]
}