{"stuff": [{"x": 530.5, "y": 427.75, "width": 50.5, "height": 55.59375, "cls": 0, "depth": 0.0, "confidence": 0.9152793884277344}, {"x": 475.0, "y": 455.0, "width": 54.0, "height": 29.484375, "cls": 2, "depth": 0.0, "confidence": 0.8335669040679932}, {"x": 155.125, "y": 455.5, "width": 63.5625, "height": 32.5, "cls": 2, "depth": 0.0, "confidence": 0.33468878269195557}]}